neuron_id,pair_idx,neuron_idx,mp1_name,mp2_name,n_neurons_mp1,n_neurons_mp2,R2_mp1,R2_mp2,delta_R2
20260316_n0,0,0,SKIEUR_20260316_SESSION_01,SKIEUR_20260316_SESSION_02,7,32,0.00279376929837305,0.0009588115129566255,-0.0018349577854164245
20260316_n1,0,1,SKIEUR_20260316_SESSION_01,SKIEUR_20260316_SESSION_02,7,32,0.005522276769020507,-2.3171720875625468e-05,-0.005545448489896132
20260316_n2,0,2,SKIEUR_20260316_SESSION_01,SKIEUR_20260316_SESSION_02,7,32,0.002489617770180641,0.007048677602119469,0.004559059831938828
20260316_n3,0,3,SKIEUR_20260316_SESSION_01,SKIEUR_20260316_SESSION_02,7,32,0.010373741111186385,0.0008801930617025056,-0.00949354804948388
20260316_n4,0,4,SKIEUR_20260316_SESSION_01,SKIEUR_20260316_SESSION_02,7,32,0.004258540934346633,0.0013608834290037564,-0.0028976575053428766
20260316_n5,0,5,SKIEUR_20260316_SESSION_01,SKIEUR_20260316_SESSION_02,7,32,0.01014639896266345,-4.092819141465753e-05,-0.010187327154078107
20260316_n6,0,6,SKIEUR_20260316_SESSION_01,SKIEUR_20260316_SESSION_02,7,32,0.003056213613193637,8.441659236135823e-05,-0.0029717970208322786
20260316_n7,0,7,SKIEUR_20260316_SESSION_01,SKIEUR_20260316_SESSION_02,7,32,,-6.537468890499554e-05,
20260316_n8,0,8,SKIEUR_20260316_SESSION_01,SKIEUR_20260316_SESSION_02,7,32,,7.794483128231722e-05,
20260316_n9,0,9,SKIEUR_20260316_SESSION_01,SKIEUR_20260316_SESSION_02,7,32,,0.0003784474133521343,
20260316_n10,0,10,SKIEUR_20260316_SESSION_01,SKIEUR_20260316_SESSION_02,7,32,,0.0056472018551775305,
20260316_n11,0,11,SKIEUR_20260316_SESSION_01,SKIEUR_20260316_SESSION_02,7,32,,0.0023640813662731963,
20260316_n12,0,12,SKIEUR_20260316_SESSION_01,SKIEUR_20260316_SESSION_02,7,32,,0.003625950942122147,
20260316_n13,0,13,SKIEUR_20260316_SESSION_01,SKIEUR_20260316_SESSION_02,7,32,,-1.1851226499492995e-05,
20260316_n14,0,14,SKIEUR_20260316_SESSION_01,SKIEUR_20260316_SESSION_02,7,32,,-2.6780216489497022e-05,
20260316_n15,0,15,SKIEUR_20260316_SESSION_01,SKIEUR_20260316_SESSION_02,7,32,,0.0011888478398773827,
20260316_n16,0,16,SKIEUR_20260316_SESSION_01,SKIEUR_20260316_SESSION_02,7,32,,0.0010430800617033942,
20260316_n17,0,17,SKIEUR_20260316_SESSION_01,SKIEUR_20260316_SESSION_02,7,32,,-8.293573928774833e-05,
20260316_n18,0,18,SKIEUR_20260316_SESSION_01,SKIEUR_20260316_SESSION_02,7,32,,6.319308342328522e-05,
20260316_n19,0,19,SKIEUR_20260316_SESSION_01,SKIEUR_20260316_SESSION_02,7,32,,-2.6966886644164134e-05,
20260316_n20,0,20,SKIEUR_20260316_SESSION_01,SKIEUR_20260316_SESSION_02,7,32,,0.00014149046265010679,
20260316_n21,0,21,SKIEUR_20260316_SESSION_01,SKIEUR_20260316_SESSION_02,7,32,,0.003221527682796821,
20260316_n22,0,22,SKIEUR_20260316_SESSION_01,SKIEUR_20260316_SESSION_02,7,32,,0.0026631337451322734,
20260316_n23,0,23,SKIEUR_20260316_SESSION_01,SKIEUR_20260316_SESSION_02,7,32,,-8.87317550064548e-05,
20260316_n24,0,24,SKIEUR_20260316_SESSION_01,SKIEUR_20260316_SESSION_02,7,32,,0.00137332537469248,
20260316_n25,0,25,SKIEUR_20260316_SESSION_01,SKIEUR_20260316_SESSION_02,7,32,,2.3699872560678514e-05,
20260316_n26,0,26,SKIEUR_20260316_SESSION_01,SKIEUR_20260316_SESSION_02,7,32,,0.0028344065332776003,
20260316_n27,0,27,SKIEUR_20260316_SESSION_01,SKIEUR_20260316_SESSION_02,7,32,,0.00047777265676796077,
20260316_n28,0,28,SKIEUR_20260316_SESSION_01,SKIEUR_20260316_SESSION_02,7,32,,0.00025254558435794383,
20260316_n29,0,29,SKIEUR_20260316_SESSION_01,SKIEUR_20260316_SESSION_02,7,32,,-0.00016709399007819314,
20260316_n30,0,30,SKIEUR_20260316_SESSION_01,SKIEUR_20260316_SESSION_02,7,32,,0.00016719424811106887,
20260316_n31,0,31,SKIEUR_20260316_SESSION_01,SKIEUR_20260316_SESSION_02,7,32,,0.00021581000704540276,
20260317_n0,1,0,SKIEUR_20260317_SESSION_02,SKIEUR_20260317_SESSION_03,15,32,0.004148489962647384,0.0005349988513929649,-0.003613491111254419
20260317_n1,1,1,SKIEUR_20260317_SESSION_02,SKIEUR_20260317_SESSION_03,15,32,0.005273050560285486,0.0009418930030455908,-0.004331157557239895
20260317_n2,1,2,SKIEUR_20260317_SESSION_02,SKIEUR_20260317_SESSION_03,15,32,0.005550635893281086,0.003856534558061564,-0.0016941013352195222
20260317_n3,1,3,SKIEUR_20260317_SESSION_02,SKIEUR_20260317_SESSION_03,15,32,0.004789981909617436,0.006755461956846953,0.0019654800472295175
20260317_n4,1,4,SKIEUR_20260317_SESSION_02,SKIEUR_20260317_SESSION_03,15,32,0.004163846609061994,0.0016981805475096978,-0.0024656660615522963
20260317_n5,1,5,SKIEUR_20260317_SESSION_02,SKIEUR_20260317_SESSION_03,15,32,0.0010664291624016276,-0.00010799418217111167,-0.0011744233445727392
20260317_n6,1,6,SKIEUR_20260317_SESSION_02,SKIEUR_20260317_SESSION_03,15,32,0.0022272831018789185,0.0019931672593809235,-0.000234115842497995
20260317_n7,1,7,SKIEUR_20260317_SESSION_02,SKIEUR_20260317_SESSION_03,15,32,0.004095466886743893,0.0007104045824790628,-0.00338506230426483
20260317_n8,1,8,SKIEUR_20260317_SESSION_02,SKIEUR_20260317_SESSION_03,15,32,0.012271019855237375,0.00046925072867387563,-0.0118017691265635
20260317_n9,1,9,SKIEUR_20260317_SESSION_02,SKIEUR_20260317_SESSION_03,15,32,0.00412158212336855,0.002615709216220452,-0.001505872907148098
20260317_n10,1,10,SKIEUR_20260317_SESSION_02,SKIEUR_20260317_SESSION_03,15,32,0.0026961781101133564,0.0032713631222207606,0.0005751850121074042
20260317_n11,1,11,SKIEUR_20260317_SESSION_02,SKIEUR_20260317_SESSION_03,15,32,0.002358452655052301,0.0010256974490642223,-0.0013327552059880787
20260317_n12,1,12,SKIEUR_20260317_SESSION_02,SKIEUR_20260317_SESSION_03,15,32,0.0023053804799614275,0.004158707600580791,0.0018533271206193636
20260317_n13,1,13,SKIEUR_20260317_SESSION_02,SKIEUR_20260317_SESSION_03,15,32,0.008315973520105935,-8.186621659289628e-05,-0.008397839736698831
20260317_n14,1,14,SKIEUR_20260317_SESSION_02,SKIEUR_20260317_SESSION_03,15,32,0.0027187294256357797,0.00020837392945671773,-0.002510355496179062
20260317_n15,1,15,SKIEUR_20260317_SESSION_02,SKIEUR_20260317_SESSION_03,15,32,,0.0017868339673479117,
20260317_n16,1,16,SKIEUR_20260317_SESSION_02,SKIEUR_20260317_SESSION_03,15,32,,0.004501126286653778,
20260317_n17,1,17,SKIEUR_20260317_SESSION_02,SKIEUR_20260317_SESSION_03,15,32,,5.1187845326094994e-05,
20260317_n18,1,18,SKIEUR_20260317_SESSION_02,SKIEUR_20260317_SESSION_03,15,32,,0.0007333193803726878,
20260317_n19,1,19,SKIEUR_20260317_SESSION_02,SKIEUR_20260317_SESSION_03,15,32,,-4.1652968785665934e-05,
20260317_n20,1,20,SKIEUR_20260317_SESSION_02,SKIEUR_20260317_SESSION_03,15,32,,0.0015649538764047621,
20260317_n21,1,21,SKIEUR_20260317_SESSION_02,SKIEUR_20260317_SESSION_03,15,32,,0.003768445251372765,
20260317_n22,1,22,SKIEUR_20260317_SESSION_02,SKIEUR_20260317_SESSION_03,15,32,,0.0025812082926055524,
20260317_n23,1,23,SKIEUR_20260317_SESSION_02,SKIEUR_20260317_SESSION_03,15,32,,0.001568121946839085,
20260317_n24,1,24,SKIEUR_20260317_SESSION_02,SKIEUR_20260317_SESSION_03,15,32,,0.006232528353653066,
20260317_n25,1,25,SKIEUR_20260317_SESSION_02,SKIEUR_20260317_SESSION_03,15,32,,0.002131427710299616,
20260317_n26,1,26,SKIEUR_20260317_SESSION_02,SKIEUR_20260317_SESSION_03,15,32,,0.006880622523189661,
20260317_n27,1,27,SKIEUR_20260317_SESSION_02,SKIEUR_20260317_SESSION_03,15,32,,0.001852154976448639,
20260317_n28,1,28,SKIEUR_20260317_SESSION_02,SKIEUR_20260317_SESSION_03,15,32,,0.0015105777870400017,
20260317_n29,1,29,SKIEUR_20260317_SESSION_02,SKIEUR_20260317_SESSION_03,15,32,,0.00036928756388543427,
20260317_n30,1,30,SKIEUR_20260317_SESSION_02,SKIEUR_20260317_SESSION_03,15,32,,0.0027590396700133413,
20260317_n31,1,31,SKIEUR_20260317_SESSION_02,SKIEUR_20260317_SESSION_03,15,32,,0.004129050328089523,
20260318_n0,2,0,SKIEUR_20260318_SESSION_00,SKIEUR_20260318_SESSION_01,15,32,0.002121735523865187,0.004495862602025058,0.002374127078159871
20260318_n1,2,1,SKIEUR_20260318_SESSION_00,SKIEUR_20260318_SESSION_01,15,32,-0.00017016810539516314,0.00018390016186886626,0.0003540682672640294
20260318_n2,2,2,SKIEUR_20260318_SESSION_00,SKIEUR_20260318_SESSION_01,15,32,0.008690596410367957,0.0031674252096001165,-0.00552317120076784
20260318_n3,2,3,SKIEUR_20260318_SESSION_00,SKIEUR_20260318_SESSION_01,15,32,0.003539261410533401,0.000872224236107999,-0.0026670371744254018
20260318_n4,2,4,SKIEUR_20260318_SESSION_00,SKIEUR_20260318_SESSION_01,15,32,0.0035717650603820372,0.004503003770742087,0.0009312387103600495
20260318_n5,2,5,SKIEUR_20260318_SESSION_00,SKIEUR_20260318_SESSION_01,15,32,0.008338043773582493,0.004924793603266142,-0.003413250170316351
20260318_n6,2,6,SKIEUR_20260318_SESSION_00,SKIEUR_20260318_SESSION_01,15,32,0.0008043998008788744,0.0010631739578744748,0.00025877415699560036
20260318_n7,2,7,SKIEUR_20260318_SESSION_00,SKIEUR_20260318_SESSION_01,15,32,0.0022614873934204693,0.003825585289930933,0.0015640978965104635
20260318_n8,2,8,SKIEUR_20260318_SESSION_00,SKIEUR_20260318_SESSION_01,15,32,0.0033740678140611324,5.7097935670991085e-05,-0.0033169698783901413
20260318_n9,2,9,SKIEUR_20260318_SESSION_00,SKIEUR_20260318_SESSION_01,15,32,0.008406187996181536,0.005852032212575908,-0.0025541557836056272
20260318_n10,2,10,SKIEUR_20260318_SESSION_00,SKIEUR_20260318_SESSION_01,15,32,0.00490656973412662,0.007634230101387973,0.002727660367261353
20260318_n11,2,11,SKIEUR_20260318_SESSION_00,SKIEUR_20260318_SESSION_01,15,32,0.0028961564167958587,0.002313178124791926,-0.0005829782920039328
20260318_n12,2,12,SKIEUR_20260318_SESSION_00,SKIEUR_20260318_SESSION_01,15,32,0.0027687590921495753,0.00031516896327810073,-0.0024535901288714745
20260318_n13,2,13,SKIEUR_20260318_SESSION_00,SKIEUR_20260318_SESSION_01,15,32,0.0019188966817035302,0.001373724726251746,-0.0005451719554517842
20260318_n14,2,14,SKIEUR_20260318_SESSION_00,SKIEUR_20260318_SESSION_01,15,32,0.002207730762372795,0.0035476263274140107,0.0013398955650412159
20260318_n15,2,15,SKIEUR_20260318_SESSION_00,SKIEUR_20260318_SESSION_01,15,32,,0.0015422157750538679,
20260318_n16,2,16,SKIEUR_20260318_SESSION_00,SKIEUR_20260318_SESSION_01,15,32,,0.00196590889225845,
20260318_n17,2,17,SKIEUR_20260318_SESSION_00,SKIEUR_20260318_SESSION_01,15,32,,0.003387543656910297,
20260318_n18,2,18,SKIEUR_20260318_SESSION_00,SKIEUR_20260318_SESSION_01,15,32,,0.004305547294095824,
20260318_n19,2,19,SKIEUR_20260318_SESSION_00,SKIEUR_20260318_SESSION_01,15,32,,0.008855682639573259,
20260318_n20,2,20,SKIEUR_20260318_SESSION_00,SKIEUR_20260318_SESSION_01,15,32,,0.0018957126951594239,
20260318_n21,2,21,SKIEUR_20260318_SESSION_00,SKIEUR_20260318_SESSION_01,15,32,,0.0009641535868656348,
20260318_n22,2,22,SKIEUR_20260318_SESSION_00,SKIEUR_20260318_SESSION_01,15,32,,0.004593187360533824,
20260318_n23,2,23,SKIEUR_20260318_SESSION_00,SKIEUR_20260318_SESSION_01,15,32,,0.003890490266150959,
20260318_n24,2,24,SKIEUR_20260318_SESSION_00,SKIEUR_20260318_SESSION_01,15,32,,0.0005006467520526359,
20260318_n25,2,25,SKIEUR_20260318_SESSION_00,SKIEUR_20260318_SESSION_01,15,32,,0.002443285533345718,
20260318_n26,2,26,SKIEUR_20260318_SESSION_00,SKIEUR_20260318_SESSION_01,15,32,,0.004129761995121828,
20260318_n27,2,27,SKIEUR_20260318_SESSION_00,SKIEUR_20260318_SESSION_01,15,32,,0.0011968259158493533,
20260318_n28,2,28,SKIEUR_20260318_SESSION_00,SKIEUR_20260318_SESSION_01,15,32,,0.005737969431337975,
20260318_n29,2,29,SKIEUR_20260318_SESSION_00,SKIEUR_20260318_SESSION_01,15,32,,0.000711898649577547,
20260318_n30,2,30,SKIEUR_20260318_SESSION_00,SKIEUR_20260318_SESSION_01,15,32,,0.000987078392380436,
20260318_n31,2,31,SKIEUR_20260318_SESSION_00,SKIEUR_20260318_SESSION_01,15,32,,0.002098239784442235,
20260319_n0,3,0,SKIEUR_20260319_SESSION_00,SKIEUR_20260319_SESSION_01,16,32,0.003139780785137991,0.0072913286421991685,0.0041515478570611775
20260319_n1,3,1,SKIEUR_20260319_SESSION_00,SKIEUR_20260319_SESSION_01,16,32,0.005214956826473327,0.0028565416849170022,-0.002358415141556325
20260319_n2,3,2,SKIEUR_20260319_SESSION_00,SKIEUR_20260319_SESSION_01,16,32,0.002286490798340979,0.0035235390551594525,0.0012370482568184737
20260319_n3,3,3,SKIEUR_20260319_SESSION_00,SKIEUR_20260319_SESSION_01,16,32,0.003811286260625657,0.01289434090456576,0.009083054643940103
20260319_n4,3,4,SKIEUR_20260319_SESSION_00,SKIEUR_20260319_SESSION_01,16,32,0.0014645537541616571,0.0032582406869962055,0.0017936869328345484
20260319_n5,3,5,SKIEUR_20260319_SESSION_00,SKIEUR_20260319_SESSION_01,16,32,0.00525620058080678,0.0002186821495829827,-0.0050375184312237975
20260319_n6,3,6,SKIEUR_20260319_SESSION_00,SKIEUR_20260319_SESSION_01,16,32,0.0008050820995399999,0.004213619285254211,0.003408537185714211
20260319_n7,3,7,SKIEUR_20260319_SESSION_00,SKIEUR_20260319_SESSION_01,16,32,0.0022947986210783977,0.00273626178531583,0.00044146316423743226
20260319_n8,3,8,SKIEUR_20260319_SESSION_00,SKIEUR_20260319_SESSION_01,16,32,0.006483692083538273,-0.00012247205277815532,-0.006606164136316428
20260319_n9,3,9,SKIEUR_20260319_SESSION_00,SKIEUR_20260319_SESSION_01,16,32,0.004299712454839955,0.004265441362592104,-3.427109224785063e-05
20260319_n10,3,10,SKIEUR_20260319_SESSION_00,SKIEUR_20260319_SESSION_01,16,32,0.002207522159238473,0.0016752514816484876,-0.0005322706775899855
20260319_n11,3,11,SKIEUR_20260319_SESSION_00,SKIEUR_20260319_SESSION_01,16,32,0.008753845804766014,0.0008877208136043313,-0.007866124991161683
20260319_n12,3,12,SKIEUR_20260319_SESSION_00,SKIEUR_20260319_SESSION_01,16,32,0.0024182164627930547,0.007761807624664829,0.005343591161871775
20260319_n13,3,13,SKIEUR_20260319_SESSION_00,SKIEUR_20260319_SESSION_01,16,32,0.003842015739201954,0.00035930557912444705,-0.0034827101600775068
20260319_n14,3,14,SKIEUR_20260319_SESSION_00,SKIEUR_20260319_SESSION_01,16,32,0.001308224128796387,0.00022879761726390946,-0.0010794265115324775
20260319_n15,3,15,SKIEUR_20260319_SESSION_00,SKIEUR_20260319_SESSION_01,16,32,0.0026505590171117532,0.00415534682734553,0.0015047878102337764
20260319_n16,3,16,SKIEUR_20260319_SESSION_00,SKIEUR_20260319_SESSION_01,16,32,,0.0043767916241177485,
20260319_n17,3,17,SKIEUR_20260319_SESSION_00,SKIEUR_20260319_SESSION_01,16,32,,0.00025645254053296984,
20260319_n18,3,18,SKIEUR_20260319_SESSION_00,SKIEUR_20260319_SESSION_01,16,32,,0.0015793875174940908,
20260319_n19,3,19,SKIEUR_20260319_SESSION_00,SKIEUR_20260319_SESSION_01,16,32,,-2.3349141810680152e-05,
20260319_n20,3,20,SKIEUR_20260319_SESSION_00,SKIEUR_20260319_SESSION_01,16,32,,0.00280597209108846,
20260319_n21,3,21,SKIEUR_20260319_SESSION_00,SKIEUR_20260319_SESSION_01,16,32,,0.0059801349858695785,
20260319_n22,3,22,SKIEUR_20260319_SESSION_00,SKIEUR_20260319_SESSION_01,16,32,,0.004167870763683634,
20260319_n23,3,23,SKIEUR_20260319_SESSION_00,SKIEUR_20260319_SESSION_01,16,32,,0.004416496185567831,
20260319_n24,3,24,SKIEUR_20260319_SESSION_00,SKIEUR_20260319_SESSION_01,16,32,,0.00709848733730345,
20260319_n25,3,25,SKIEUR_20260319_SESSION_00,SKIEUR_20260319_SESSION_01,16,32,,0.004301886917754683,
20260319_n26,3,26,SKIEUR_20260319_SESSION_00,SKIEUR_20260319_SESSION_01,16,32,,0.004673060684072139,
20260319_n27,3,27,SKIEUR_20260319_SESSION_00,SKIEUR_20260319_SESSION_01,16,32,,0.00148196967992964,
20260319_n28,3,28,SKIEUR_20260319_SESSION_00,SKIEUR_20260319_SESSION_01,16,32,,0.0019021828152000486,
20260319_n29,3,29,SKIEUR_20260319_SESSION_00,SKIEUR_20260319_SESSION_01,16,32,,0.0010222986721619698,
20260319_n30,3,30,SKIEUR_20260319_SESSION_00,SKIEUR_20260319_SESSION_01,16,32,,0.005608020901217925,
20260319_n31,3,31,SKIEUR_20260319_SESSION_00,SKIEUR_20260319_SESSION_01,16,32,,0.006591755066793326,
20260320_n0,4,0,SKIEUR_20260320_SESSION_00,SKIEUR_20260320_SESSION_01,14,32,0.003765626720866,0.012072157777730075,0.008306531056864075
20260320_n1,4,1,SKIEUR_20260320_SESSION_00,SKIEUR_20260320_SESSION_01,14,32,0.005588000365481793,0.012880332466143396,0.007292332100661603
20260320_n2,4,2,SKIEUR_20260320_SESSION_00,SKIEUR_20260320_SESSION_01,14,32,0.000552674202910608,0.01039088115479836,0.009838206951887751
20260320_n3,4,3,SKIEUR_20260320_SESSION_00,SKIEUR_20260320_SESSION_01,14,32,0.006693865310482994,0.012327285712158131,0.005633420401675138
20260320_n4,4,4,SKIEUR_20260320_SESSION_00,SKIEUR_20260320_SESSION_01,14,32,0.00980672296202667,0.012676706838673835,0.002869983876647164
20260320_n5,4,5,SKIEUR_20260320_SESSION_00,SKIEUR_20260320_SESSION_01,14,32,0.008826822418401936,0.012658935040747554,0.003832112622345618
20260320_n6,4,6,SKIEUR_20260320_SESSION_00,SKIEUR_20260320_SESSION_01,14,32,0.007602073912787666,0.013008357291424244,0.005406283378636578
20260320_n7,4,7,SKIEUR_20260320_SESSION_00,SKIEUR_20260320_SESSION_01,14,32,0.012766031720276239,0.013734113358520594,0.0009680816382443558
20260320_n8,4,8,SKIEUR_20260320_SESSION_00,SKIEUR_20260320_SESSION_01,14,32,0.0025700903107649387,0.012619756871472543,0.010049666560707604
20260320_n9,4,9,SKIEUR_20260320_SESSION_00,SKIEUR_20260320_SESSION_01,14,32,0.004946421646280452,0.014013819410102268,0.009067397763821816
20260320_n10,4,10,SKIEUR_20260320_SESSION_00,SKIEUR_20260320_SESSION_01,14,32,0.005608635995751343,0.012461425118900249,0.006852789123148906
20260320_n11,4,11,SKIEUR_20260320_SESSION_00,SKIEUR_20260320_SESSION_01,14,32,0.005887063607555532,0.013069563964853481,0.0071825003572979496
20260320_n12,4,12,SKIEUR_20260320_SESSION_00,SKIEUR_20260320_SESSION_01,14,32,0.003273440061563604,0.012045744215215648,0.008772304153652044
20260320_n13,4,13,SKIEUR_20260320_SESSION_00,SKIEUR_20260320_SESSION_01,14,32,0.01255569182140115,0.012504408185226357,-5.128363617479259e-05
20260320_n14,4,14,SKIEUR_20260320_SESSION_00,SKIEUR_20260320_SESSION_01,14,32,,0.012776584039760674,
20260320_n15,4,15,SKIEUR_20260320_SESSION_00,SKIEUR_20260320_SESSION_01,14,32,,0.01087534695693071,
20260320_n16,4,16,SKIEUR_20260320_SESSION_00,SKIEUR_20260320_SESSION_01,14,32,,0.012078485617650236,
20260320_n17,4,17,SKIEUR_20260320_SESSION_00,SKIEUR_20260320_SESSION_01,14,32,,0.013326442776617764,
20260320_n18,4,18,SKIEUR_20260320_SESSION_00,SKIEUR_20260320_SESSION_01,14,32,,0.012605591035549812,
20260320_n19,4,19,SKIEUR_20260320_SESSION_00,SKIEUR_20260320_SESSION_01,14,32,,0.012652383684340962,
20260320_n20,4,20,SKIEUR_20260320_SESSION_00,SKIEUR_20260320_SESSION_01,14,32,,0.014482384353695976,
20260320_n21,4,21,SKIEUR_20260320_SESSION_00,SKIEUR_20260320_SESSION_01,14,32,,0.012184680949908766,
20260320_n22,4,22,SKIEUR_20260320_SESSION_00,SKIEUR_20260320_SESSION_01,14,32,,0.011870431419803928,
20260320_n23,4,23,SKIEUR_20260320_SESSION_00,SKIEUR_20260320_SESSION_01,14,32,,0.013909738194800791,
20260320_n24,4,24,SKIEUR_20260320_SESSION_00,SKIEUR_20260320_SESSION_01,14,32,,0.011856667613607152,
20260320_n25,4,25,SKIEUR_20260320_SESSION_00,SKIEUR_20260320_SESSION_01,14,32,,0.013970961214632482,
20260320_n26,4,26,SKIEUR_20260320_SESSION_00,SKIEUR_20260320_SESSION_01,14,32,,0.011980881445265101,
20260320_n27,4,27,SKIEUR_20260320_SESSION_00,SKIEUR_20260320_SESSION_01,14,32,,0.01175324020313373,
20260320_n28,4,28,SKIEUR_20260320_SESSION_00,SKIEUR_20260320_SESSION_01,14,32,,0.011061286124843916,
20260320_n29,4,29,SKIEUR_20260320_SESSION_00,SKIEUR_20260320_SESSION_01,14,32,,0.011174198191677864,
20260320_n30,4,30,SKIEUR_20260320_SESSION_00,SKIEUR_20260320_SESSION_01,14,32,,0.012978575395114822,
20260320_n31,4,31,SKIEUR_20260320_SESSION_00,SKIEUR_20260320_SESSION_01,14,32,,0.012545164865191305,
20260323_n0,5,0,SKIEUR_20260323_SESSION_00,SKIEUR_20260323_SESSION_01,19,32,0.0004980813297982278,0.002176541634382856,0.001678460304584628
20260323_n1,5,1,SKIEUR_20260323_SESSION_00,SKIEUR_20260323_SESSION_01,19,32,0.007196783829687692,0.00045653759833452767,-0.006740246231353164
20260323_n2,5,2,SKIEUR_20260323_SESSION_00,SKIEUR_20260323_SESSION_01,19,32,0.0016646186257851525,0.0058292797737223845,0.004164661147937232
20260323_n3,5,3,SKIEUR_20260323_SESSION_00,SKIEUR_20260323_SESSION_01,19,32,0.0017351674779192416,0.00852851021009382,0.006793342732174579
20260323_n4,5,4,SKIEUR_20260323_SESSION_00,SKIEUR_20260323_SESSION_01,19,32,0.0027187042783758386,0.00196234261449324,-0.0007563616638825987
20260323_n5,5,5,SKIEUR_20260323_SESSION_00,SKIEUR_20260323_SESSION_01,19,32,0.0034063301758902043,0.00032063515668090403,-0.0030856950192093002
20260323_n6,5,6,SKIEUR_20260323_SESSION_00,SKIEUR_20260323_SESSION_01,19,32,0.004315752462104139,0.004407153691352916,9.140122924877758e-05
20260323_n7,5,7,SKIEUR_20260323_SESSION_00,SKIEUR_20260323_SESSION_01,19,32,0.0010032455553824482,0.003839266703308919,0.0028360211479264708
20260323_n8,5,8,SKIEUR_20260323_SESSION_00,SKIEUR_20260323_SESSION_01,19,32,0.010395125548815609,0.0002058070960445635,-0.010189318452771046
20260323_n9,5,9,SKIEUR_20260323_SESSION_00,SKIEUR_20260323_SESSION_01,19,32,0.0007468367663786557,0.006020085566780242,0.0052732488004015865
20260323_n10,5,10,SKIEUR_20260323_SESSION_00,SKIEUR_20260323_SESSION_01,19,32,0.009408099540951231,0.001698325234303133,-0.007709774306648098
20260323_n11,5,11,SKIEUR_20260323_SESSION_00,SKIEUR_20260323_SESSION_01,19,32,0.005497483525190305,0.0009256457813726637,-0.004571837743817642
20260323_n12,5,12,SKIEUR_20260323_SESSION_00,SKIEUR_20260323_SESSION_01,19,32,0.0038729732931935823,0.005202695351397946,0.0013297220582043634
20260323_n13,5,13,SKIEUR_20260323_SESSION_00,SKIEUR_20260323_SESSION_01,19,32,0.0019640938280275355,0.0003567470180946275,-0.001607346809932908
20260323_n14,5,14,SKIEUR_20260323_SESSION_00,SKIEUR_20260323_SESSION_01,19,32,0.0019513314259579362,0.0001764027652617628,-0.0017749286606961734
20260323_n15,5,15,SKIEUR_20260323_SESSION_00,SKIEUR_20260323_SESSION_01,19,32,0.008020576100613241,0.0013073159719277916,-0.00671326012868545
20260323_n16,5,16,SKIEUR_20260323_SESSION_00,SKIEUR_20260323_SESSION_01,19,32,0.000619353724623406,0.0035113752147725164,0.0028920214901491104
20260323_n17,5,17,SKIEUR_20260323_SESSION_00,SKIEUR_20260323_SESSION_01,19,32,0.0031204594700535715,0.00023910444601982217,-0.0028813550240337493
20260323_n18,5,18,SKIEUR_20260323_SESSION_00,SKIEUR_20260323_SESSION_01,19,32,0.013793334758386067,0.002410002413764989,-0.011383332344621078
20260323_n19,5,19,SKIEUR_20260323_SESSION_00,SKIEUR_20260323_SESSION_01,19,32,,0.0037909802935742754,
20260323_n20,5,20,SKIEUR_20260323_SESSION_00,SKIEUR_20260323_SESSION_01,19,32,,0.0022156879520344175,
20260323_n21,5,21,SKIEUR_20260323_SESSION_00,SKIEUR_20260323_SESSION_01,19,32,,0.0033516195274309046,
20260323_n22,5,22,SKIEUR_20260323_SESSION_00,SKIEUR_20260323_SESSION_01,19,32,,0.002097293820166657,
20260323_n23,5,23,SKIEUR_20260323_SESSION_00,SKIEUR_20260323_SESSION_01,19,32,,0.0026580854941119503,
20260323_n24,5,24,SKIEUR_20260323_SESSION_00,SKIEUR_20260323_SESSION_01,19,32,,0.007460470101032124,
20260323_n25,5,25,SKIEUR_20260323_SESSION_00,SKIEUR_20260323_SESSION_01,19,32,,0.004718122700348881,
20260323_n26,5,26,SKIEUR_20260323_SESSION_00,SKIEUR_20260323_SESSION_01,19,32,,0.0056919311022939345,
20260323_n27,5,27,SKIEUR_20260323_SESSION_00,SKIEUR_20260323_SESSION_01,19,32,,0.00519174511980891,
20260323_n28,5,28,SKIEUR_20260323_SESSION_00,SKIEUR_20260323_SESSION_01,19,32,,0.001136970325185671,
20260323_n29,5,29,SKIEUR_20260323_SESSION_00,SKIEUR_20260323_SESSION_01,19,32,,0.0010896168874683365,
20260323_n30,5,30,SKIEUR_20260323_SESSION_00,SKIEUR_20260323_SESSION_01,19,32,,0.004772654153031186,
20260323_n31,5,31,SKIEUR_20260323_SESSION_00,SKIEUR_20260323_SESSION_01,19,32,,0.007317970738293322,
20260323_n0,6,0,SKIEUR_20260323_SESSION_02,SKIEUR_20260323_SESSION_03,17,32,0.0008649324388249058,0.0030562218313109346,0.002191289392486029
20260323_n1,6,1,SKIEUR_20260323_SESSION_02,SKIEUR_20260323_SESSION_03,17,32,0.011755108283990623,0.0002573314769888091,-0.011497776807001814
20260323_n2,6,2,SKIEUR_20260323_SESSION_02,SKIEUR_20260323_SESSION_03,17,32,0.0039466716145768466,0.002612153904236636,-0.0013345177103402106
20260323_n3,6,3,SKIEUR_20260323_SESSION_02,SKIEUR_20260323_SESSION_03,17,32,0.011065787989577802,0.0008283444060975809,-0.010237443583480221
20260323_n4,6,4,SKIEUR_20260323_SESSION_02,SKIEUR_20260323_SESSION_03,17,32,0.014149846485955853,0.005847072849287871,-0.008302773636667982
20260323_n5,6,5,SKIEUR_20260323_SESSION_02,SKIEUR_20260323_SESSION_03,17,32,0.0014797245826374539,0.004701682844271304,0.0032219582616338505
20260323_n6,6,6,SKIEUR_20260323_SESSION_02,SKIEUR_20260323_SESSION_03,17,32,0.007541095949506582,-0.00010025449998107838,-0.0076413504494876605
20260323_n7,6,7,SKIEUR_20260323_SESSION_02,SKIEUR_20260323_SESSION_03,17,32,7.790467995583139e-05,0.004523415563657651,0.00444551088370182
20260323_n8,6,8,SKIEUR_20260323_SESSION_02,SKIEUR_20260323_SESSION_03,17,32,0.005630250366636225,0.010177280498589236,0.0045470301319530115
20260323_n9,6,9,SKIEUR_20260323_SESSION_02,SKIEUR_20260323_SESSION_03,17,32,0.006831757325413634,0.016040401885642486,0.009208644560228851
20260323_n10,6,10,SKIEUR_20260323_SESSION_02,SKIEUR_20260323_SESSION_03,17,32,0.01187564847841116,0.006350066164471202,-0.0055255823139399585
20260323_n11,6,11,SKIEUR_20260323_SESSION_02,SKIEUR_20260323_SESSION_03,17,32,0.0022918056077407822,0.0045212763704874925,0.0022294707627467103
20260323_n12,6,12,SKIEUR_20260323_SESSION_02,SKIEUR_20260323_SESSION_03,17,32,0.003220706007463714,0.002324401542710075,-0.0008963044647536389
20260323_n13,6,13,SKIEUR_20260323_SESSION_02,SKIEUR_20260323_SESSION_03,17,32,0.005724246540980804,0.000732753614956172,-0.004991492926024632
20260323_n14,6,14,SKIEUR_20260323_SESSION_02,SKIEUR_20260323_SESSION_03,17,32,0.004700109815265363,0.00732897356115636,0.002628863745890997
20260323_n15,6,15,SKIEUR_20260323_SESSION_02,SKIEUR_20260323_SESSION_03,17,32,0.00315081010395335,0.0017367297473029897,-0.0014140803566503601
20260323_n16,6,16,SKIEUR_20260323_SESSION_02,SKIEUR_20260323_SESSION_03,17,32,0.012373584288699946,0.0011505364230478543,-0.011223047865652092
20260323_n17,6,17,SKIEUR_20260323_SESSION_02,SKIEUR_20260323_SESSION_03,17,32,,0.0005543799501754876,
20260323_n18,6,18,SKIEUR_20260323_SESSION_02,SKIEUR_20260323_SESSION_03,17,32,,0.007037169619963146,
20260323_n19,6,19,SKIEUR_20260323_SESSION_02,SKIEUR_20260323_SESSION_03,17,32,,0.005812839825329541,
20260323_n20,6,20,SKIEUR_20260323_SESSION_02,SKIEUR_20260323_SESSION_03,17,32,,0.00212174424991729,
20260323_n21,6,21,SKIEUR_20260323_SESSION_02,SKIEUR_20260323_SESSION_03,17,32,,0.0007702707740883108,
20260323_n22,6,22,SKIEUR_20260323_SESSION_02,SKIEUR_20260323_SESSION_03,17,32,,0.006692325842370894,
20260323_n23,6,23,SKIEUR_20260323_SESSION_02,SKIEUR_20260323_SESSION_03,17,32,,0.008708060576193333,
20260323_n24,6,24,SKIEUR_20260323_SESSION_02,SKIEUR_20260323_SESSION_03,17,32,,0.00041597356508704664,
20260323_n25,6,25,SKIEUR_20260323_SESSION_02,SKIEUR_20260323_SESSION_03,17,32,,0.00522054699386687,
20260323_n26,6,26,SKIEUR_20260323_SESSION_02,SKIEUR_20260323_SESSION_03,17,32,,0.005149433418927929,
20260323_n27,6,27,SKIEUR_20260323_SESSION_02,SKIEUR_20260323_SESSION_03,17,32,,0.0008442419452168171,
20260323_n28,6,28,SKIEUR_20260323_SESSION_02,SKIEUR_20260323_SESSION_03,17,32,,0.007159551128589903,
20260323_n29,6,29,SKIEUR_20260323_SESSION_02,SKIEUR_20260323_SESSION_03,17,32,,0.0014188581848936233,
20260323_n30,6,30,SKIEUR_20260323_SESSION_02,SKIEUR_20260323_SESSION_03,17,32,,0.00034613157848173426,
20260323_n31,6,31,SKIEUR_20260323_SESSION_02,SKIEUR_20260323_SESSION_03,17,32,,0.0008062041426288857,
20260325_n0,7,0,SKIEUR_20260325_SESSION_00,SKIEUR_20260325_SESSION_01,11,32,0.001888219510290945,0.0015780279478460058,-0.00031019156244493917
20260325_n1,7,1,SKIEUR_20260325_SESSION_00,SKIEUR_20260325_SESSION_01,11,32,0.007846616413701213,4.8370151151333474e-05,-0.007798246262549879
20260325_n2,7,2,SKIEUR_20260325_SESSION_00,SKIEUR_20260325_SESSION_01,11,32,0.0045593320100181245,0.006452534108114083,0.0018932020980959585
20260325_n3,7,3,SKIEUR_20260325_SESSION_00,SKIEUR_20260325_SESSION_01,11,32,0.0009737916867867957,0.006484148382316368,0.005510356695529572
20260325_n4,7,4,SKIEUR_20260325_SESSION_00,SKIEUR_20260325_SESSION_01,11,32,0.001906270782338737,0.000978492676322662,-0.000927778106016075
20260325_n5,7,5,SKIEUR_20260325_SESSION_00,SKIEUR_20260325_SESSION_01,11,32,0.0011675264825669052,4.3270879862555844e-06,-0.0011631993945806496
20260325_n6,7,6,SKIEUR_20260325_SESSION_00,SKIEUR_20260325_SESSION_01,11,32,0.003063180880512828,0.0030231977821878475,-3.998309832498048e-05
20260325_n7,7,7,SKIEUR_20260325_SESSION_00,SKIEUR_20260325_SESSION_01,11,32,0.014118190238601613,0.0032323875239304023,-0.010885802714671211
20260325_n8,7,8,SKIEUR_20260325_SESSION_00,SKIEUR_20260325_SESSION_01,11,32,0.0009071924615193794,0.00021089030435950118,-0.0006963021571598782
20260325_n9,7,9,SKIEUR_20260325_SESSION_00,SKIEUR_20260325_SESSION_01,11,32,0.0025057799559661253,0.0044500134592089235,0.0019442335032427982
20260325_n10,7,10,SKIEUR_20260325_SESSION_00,SKIEUR_20260325_SESSION_01,11,32,0.003160336531100816,0.004287109871887407,0.001126773340786591
20260325_n11,7,11,SKIEUR_20260325_SESSION_00,SKIEUR_20260325_SESSION_01,11,32,,0.0003364460794509361,
20260325_n12,7,12,SKIEUR_20260325_SESSION_00,SKIEUR_20260325_SESSION_01,11,32,,0.0049084198738869045,
20260325_n13,7,13,SKIEUR_20260325_SESSION_00,SKIEUR_20260325_SESSION_01,11,32,,0.00040650628505867203,
20260325_n14,7,14,SKIEUR_20260325_SESSION_00,SKIEUR_20260325_SESSION_01,11,32,,7.342543309585281e-05,
20260325_n15,7,15,SKIEUR_20260325_SESSION_00,SKIEUR_20260325_SESSION_01,11,32,,0.0011064150525615934,
20260325_n16,7,16,SKIEUR_20260325_SESSION_00,SKIEUR_20260325_SESSION_01,11,32,,0.003327070376972663,
20260325_n17,7,17,SKIEUR_20260325_SESSION_00,SKIEUR_20260325_SESSION_01,11,32,,-0.00010219468318228841,
20260325_n18,7,18,SKIEUR_20260325_SESSION_00,SKIEUR_20260325_SESSION_01,11,32,,0.0009627377368329748,
20260325_n19,7,19,SKIEUR_20260325_SESSION_00,SKIEUR_20260325_SESSION_01,11,32,,4.2902730554295054e-05,
20260325_n20,7,20,SKIEUR_20260325_SESSION_00,SKIEUR_20260325_SESSION_01,11,32,,0.0026880211364005424,
20260325_n21,7,21,SKIEUR_20260325_SESSION_00,SKIEUR_20260325_SESSION_01,11,32,,0.0011319252492192344,
20260325_n22,7,22,SKIEUR_20260325_SESSION_00,SKIEUR_20260325_SESSION_01,11,32,,0.0008662068942523193,
20260325_n23,7,23,SKIEUR_20260325_SESSION_00,SKIEUR_20260325_SESSION_01,11,32,,0.002617857942118329,
20260325_n24,7,24,SKIEUR_20260325_SESSION_00,SKIEUR_20260325_SESSION_01,11,32,,0.006137862542623718,
20260325_n25,7,25,SKIEUR_20260325_SESSION_00,SKIEUR_20260325_SESSION_01,11,32,,0.004859958211135829,
20260325_n26,7,26,SKIEUR_20260325_SESSION_00,SKIEUR_20260325_SESSION_01,11,32,,0.0033354215150367406,
20260325_n27,7,27,SKIEUR_20260325_SESSION_00,SKIEUR_20260325_SESSION_01,11,32,,0.003926622730648144,
20260325_n28,7,28,SKIEUR_20260325_SESSION_00,SKIEUR_20260325_SESSION_01,11,32,,0.001909594495859146,
20260325_n29,7,29,SKIEUR_20260325_SESSION_00,SKIEUR_20260325_SESSION_01,11,32,,8.948957018128922e-05,
20260325_n30,7,30,SKIEUR_20260325_SESSION_00,SKIEUR_20260325_SESSION_01,11,32,,0.004108326543053931,
20260325_n31,7,31,SKIEUR_20260325_SESSION_00,SKIEUR_20260325_SESSION_01,11,32,,0.004988659719038058,
20260325_n0,8,0,SKIEUR_20260325_SESSION_02,SKIEUR_20260325_SESSION_03,9,32,0.003527721048373622,0.002092117589551412,-0.00143560345882221
20260325_n1,8,1,SKIEUR_20260325_SESSION_02,SKIEUR_20260325_SESSION_03,9,32,0.010480857951930878,0.0007162308122528049,-0.009764627139678073
20260325_n2,8,2,SKIEUR_20260325_SESSION_02,SKIEUR_20260325_SESSION_03,9,32,0.006315636904961508,0.005036839798070902,-0.0012787971068906057
20260325_n3,8,3,SKIEUR_20260325_SESSION_02,SKIEUR_20260325_SESSION_03,9,32,0.0005260654944513332,0.0014031679673078834,0.0008771024728565502
20260325_n4,8,4,SKIEUR_20260325_SESSION_02,SKIEUR_20260325_SESSION_03,9,32,0.011250684095306607,0.0014288944935932912,-0.009821789601713315
20260325_n5,8,5,SKIEUR_20260325_SESSION_02,SKIEUR_20260325_SESSION_03,9,32,0.0018610705691213258,-4.869378954541759e-05,-0.0019097643586667434
20260325_n6,8,6,SKIEUR_20260325_SESSION_02,SKIEUR_20260325_SESSION_03,9,32,0.0037603485168897777,0.0012743285527074821,-0.0024860199641822955
20260325_n7,8,7,SKIEUR_20260325_SESSION_02,SKIEUR_20260325_SESSION_03,9,32,0.005919993309695504,0.001152243566914346,-0.004767749742781158
20260325_n8,8,8,SKIEUR_20260325_SESSION_02,SKIEUR_20260325_SESSION_03,9,32,0.004237066965700476,0.002456694716970853,-0.0017803722487296225
20260325_n9,8,9,SKIEUR_20260325_SESSION_02,SKIEUR_20260325_SESSION_03,9,32,,0.002688444849972327,
20260325_n10,8,10,SKIEUR_20260325_SESSION_02,SKIEUR_20260325_SESSION_03,9,32,,0.001275364731473494,
20260325_n11,8,11,SKIEUR_20260325_SESSION_02,SKIEUR_20260325_SESSION_03,9,32,,4.389260559178876e-05,
20260325_n12,8,12,SKIEUR_20260325_SESSION_02,SKIEUR_20260325_SESSION_03,9,32,,0.00718216120557702,
20260325_n13,8,13,SKIEUR_20260325_SESSION_02,SKIEUR_20260325_SESSION_03,9,32,,7.83112806409525e-05,
20260325_n14,8,14,SKIEUR_20260325_SESSION_02,SKIEUR_20260325_SESSION_03,9,32,,-1.4124749476707166e-05,
20260325_n15,8,15,SKIEUR_20260325_SESSION_02,SKIEUR_20260325_SESSION_03,9,32,,0.0017611775279892106,
20260325_n16,8,16,SKIEUR_20260325_SESSION_02,SKIEUR_20260325_SESSION_03,9,32,,0.002079055702669197,
20260325_n17,8,17,SKIEUR_20260325_SESSION_02,SKIEUR_20260325_SESSION_03,9,32,,0.0007920638944535208,
20260325_n18,8,18,SKIEUR_20260325_SESSION_02,SKIEUR_20260325_SESSION_03,9,32,,0.00037994201494728763,
20260325_n19,8,19,SKIEUR_20260325_SESSION_02,SKIEUR_20260325_SESSION_03,9,32,,-4.272006296490716e-06,
20260325_n20,8,20,SKIEUR_20260325_SESSION_02,SKIEUR_20260325_SESSION_03,9,32,,0.0012347952820727093,
20260325_n21,8,21,SKIEUR_20260325_SESSION_02,SKIEUR_20260325_SESSION_03,9,32,,0.0011964231929949554,
20260325_n22,8,22,SKIEUR_20260325_SESSION_02,SKIEUR_20260325_SESSION_03,9,32,,0.00039720709641355434,
20260325_n23,8,23,SKIEUR_20260325_SESSION_02,SKIEUR_20260325_SESSION_03,9,32,,0.0018126843570765994,
20260325_n24,8,24,SKIEUR_20260325_SESSION_02,SKIEUR_20260325_SESSION_03,9,32,,0.0032179081457015535,
20260325_n25,8,25,SKIEUR_20260325_SESSION_02,SKIEUR_20260325_SESSION_03,9,32,,0.002070568831115449,
20260325_n26,8,26,SKIEUR_20260325_SESSION_02,SKIEUR_20260325_SESSION_03,9,32,,0.003802593746245253,
20260325_n27,8,27,SKIEUR_20260325_SESSION_02,SKIEUR_20260325_SESSION_03,9,32,,0.0019312570089813352,
20260325_n28,8,28,SKIEUR_20260325_SESSION_02,SKIEUR_20260325_SESSION_03,9,32,,0.00029236371142626894,
20260325_n29,8,29,SKIEUR_20260325_SESSION_02,SKIEUR_20260325_SESSION_03,9,32,,0.0005442555817756212,
20260325_n30,8,30,SKIEUR_20260325_SESSION_02,SKIEUR_20260325_SESSION_03,9,32,,0.0021038977819259896,
20260325_n31,8,31,SKIEUR_20260325_SESSION_02,SKIEUR_20260325_SESSION_03,9,32,,0.002040673013595562,
20260326_n0,9,0,SKIEUR_20260326_SESSION_00,SKIEUR_20260326_SESSION_02,10,32,0.008107945534428507,0.0012315830639362257,-0.006876362470492281
20260326_n1,9,1,SKIEUR_20260326_SESSION_00,SKIEUR_20260326_SESSION_02,10,32,0.0023784208436683496,-3.218702876028878e-05,-0.0024106078724286384
20260326_n2,9,2,SKIEUR_20260326_SESSION_00,SKIEUR_20260326_SESSION_02,10,32,0.012978437723932035,0.0038014324764451546,-0.00917700524748688
20260326_n3,9,3,SKIEUR_20260326_SESSION_00,SKIEUR_20260326_SESSION_02,10,32,0.0007503956058886319,0.0017498810944687193,0.0009994854885800875
20260326_n4,9,4,SKIEUR_20260326_SESSION_00,SKIEUR_20260326_SESSION_02,10,32,0.0011274878628871887,0.0004941638003491677,-0.000633324062538021
20260326_n5,9,5,SKIEUR_20260326_SESSION_00,SKIEUR_20260326_SESSION_02,10,32,0.007704057212678195,1.1118966384948692e-05,-0.007692938246293246
20260326_n6,9,6,SKIEUR_20260326_SESSION_00,SKIEUR_20260326_SESSION_02,10,32,0.0038882915633853266,0.0003354823281285224,-0.003552809235256804
20260326_n7,9,7,SKIEUR_20260326_SESSION_00,SKIEUR_20260326_SESSION_02,10,32,0.0023738578429879365,0.0002664159554573997,-0.0021074418875305367
20260326_n8,9,8,SKIEUR_20260326_SESSION_00,SKIEUR_20260326_SESSION_02,10,32,0.0025069654611091785,0.0011645349572021457,-0.0013424305039070328
20260326_n9,9,9,SKIEUR_20260326_SESSION_00,SKIEUR_20260326_SESSION_02,10,32,0.004821980340818377,0.0018336905211875365,-0.0029882898196308405
20260326_n10,9,10,SKIEUR_20260326_SESSION_00,SKIEUR_20260326_SESSION_02,10,32,,0.0028222621248727986,
20260326_n11,9,11,SKIEUR_20260326_SESSION_00,SKIEUR_20260326_SESSION_02,10,32,,-3.281162949919647e-05,
20260326_n12,9,12,SKIEUR_20260326_SESSION_00,SKIEUR_20260326_SESSION_02,10,32,,0.004067207996393707,
20260326_n13,9,13,SKIEUR_20260326_SESSION_00,SKIEUR_20260326_SESSION_02,10,32,,-5.413444201085582e-05,
20260326_n14,9,14,SKIEUR_20260326_SESSION_00,SKIEUR_20260326_SESSION_02,10,32,,-8.152518712201129e-05,
20260326_n15,9,15,SKIEUR_20260326_SESSION_00,SKIEUR_20260326_SESSION_02,10,32,,0.0006677808726384127,
20260326_n16,9,16,SKIEUR_20260326_SESSION_00,SKIEUR_20260326_SESSION_02,10,32,,0.0012533545202606522,
20260326_n17,9,17,SKIEUR_20260326_SESSION_00,SKIEUR_20260326_SESSION_02,10,32,,-5.8562120021088404e-05,
20260326_n18,9,18,SKIEUR_20260326_SESSION_00,SKIEUR_20260326_SESSION_02,10,32,,-4.4119706216649845e-05,
20260326_n19,9,19,SKIEUR_20260326_SESSION_00,SKIEUR_20260326_SESSION_02,10,32,,6.197006832231455e-05,
20260326_n20,9,20,SKIEUR_20260326_SESSION_00,SKIEUR_20260326_SESSION_02,10,32,,9.602337134573258e-05,
20260326_n21,9,21,SKIEUR_20260326_SESSION_00,SKIEUR_20260326_SESSION_02,10,32,,-2.382353532914827e-05,
20260326_n22,9,22,SKIEUR_20260326_SESSION_00,SKIEUR_20260326_SESSION_02,10,32,,0.000938907315568227,
20260326_n23,9,23,SKIEUR_20260326_SESSION_00,SKIEUR_20260326_SESSION_02,10,32,,0.00037740637325356374,
20260326_n24,9,24,SKIEUR_20260326_SESSION_00,SKIEUR_20260326_SESSION_02,10,32,,0.0007118563165801062,
20260326_n25,9,25,SKIEUR_20260326_SESSION_00,SKIEUR_20260326_SESSION_02,10,32,,0.0005208797258386966,
20260326_n26,9,26,SKIEUR_20260326_SESSION_00,SKIEUR_20260326_SESSION_02,10,32,,0.0027187045610485017,
20260326_n27,9,27,SKIEUR_20260326_SESSION_00,SKIEUR_20260326_SESSION_02,10,32,,0.003285974236296285,
20260326_n28,9,28,SKIEUR_20260326_SESSION_00,SKIEUR_20260326_SESSION_02,10,32,,0.0004780312973869938,
20260326_n29,9,29,SKIEUR_20260326_SESSION_00,SKIEUR_20260326_SESSION_02,10,32,,0.00047852592890484935,
20260326_n30,9,30,SKIEUR_20260326_SESSION_00,SKIEUR_20260326_SESSION_02,10,32,,0.00027190160120960094,
20260326_n31,9,31,SKIEUR_20260326_SESSION_00,SKIEUR_20260326_SESSION_02,10,32,,0.0006349404313932272,
20260327_n0,10,0,SKIEUR_20260327_SESSION_00,SKIEUR_20260327_SESSION_01,13,32,0.0081704855000021,0.0008262204516507055,-0.007344265048351395
20260327_n1,10,1,SKIEUR_20260327_SESSION_00,SKIEUR_20260327_SESSION_01,13,32,0.005262716667879586,-7.315944700314603e-05,-0.005335876114882732
20260327_n2,10,2,SKIEUR_20260327_SESSION_00,SKIEUR_20260327_SESSION_01,13,32,0.00907095197292529,0.002664399819773955,-0.006406552153151335
20260327_n3,10,3,SKIEUR_20260327_SESSION_00,SKIEUR_20260327_SESSION_01,13,32,0.002424580438243673,0.00277065748929195,0.0003460770510482769
20260327_n4,10,4,SKIEUR_20260327_SESSION_00,SKIEUR_20260327_SESSION_01,13,32,0.0021080439494275405,0.0005549332184641154,-0.0015531107309634251
20260327_n5,10,5,SKIEUR_20260327_SESSION_00,SKIEUR_20260327_SESSION_01,13,32,0.00159871168862602,-6.65964834281052e-05,-0.0016653081720541252
20260327_n6,10,6,SKIEUR_20260327_SESSION_00,SKIEUR_20260327_SESSION_01,13,32,0.009414665116200482,0.00022848316391643753,-0.009186181952284045
20260327_n7,10,7,SKIEUR_20260327_SESSION_00,SKIEUR_20260327_SESSION_01,13,32,0.0006719578278805427,0.00012862517414802266,-0.00054333265373252
20260327_n8,10,8,SKIEUR_20260327_SESSION_00,SKIEUR_20260327_SESSION_01,13,32,0.00916397581569195,0.00010187273669259866,-0.00906210307899935
20260327_n9,10,9,SKIEUR_20260327_SESSION_00,SKIEUR_20260327_SESSION_01,13,32,0.002131100664187535,0.0012382739867693449,-0.0008928266774181903
20260327_n10,10,10,SKIEUR_20260327_SESSION_00,SKIEUR_20260327_SESSION_01,13,32,0.0006339796406282794,0.0027674599972760117,0.0021334803566477323
20260327_n11,10,11,SKIEUR_20260327_SESSION_00,SKIEUR_20260327_SESSION_01,13,32,0.003008464110757725,0.00020230128167275652,-0.0028061628290849683
20260327_n12,10,12,SKIEUR_20260327_SESSION_00,SKIEUR_20260327_SESSION_01,13,32,0.007355311932451092,0.0029370962841944737,-0.004418215648256618
20260327_n13,10,13,SKIEUR_20260327_SESSION_00,SKIEUR_20260327_SESSION_01,13,32,,3.3156498891906416e-05,
20260327_n14,10,14,SKIEUR_20260327_SESSION_00,SKIEUR_20260327_SESSION_01,13,32,,-2.0915352284989197e-05,
20260327_n15,10,15,SKIEUR_20260327_SESSION_00,SKIEUR_20260327_SESSION_01,13,32,,0.00022611164571240128,
20260327_n16,10,16,SKIEUR_20260327_SESSION_00,SKIEUR_20260327_SESSION_01,13,32,,0.001530813325564151,
20260327_n17,10,17,SKIEUR_20260327_SESSION_00,SKIEUR_20260327_SESSION_01,13,32,,-4.904981365316807e-05,
20260327_n18,10,18,SKIEUR_20260327_SESSION_00,SKIEUR_20260327_SESSION_01,13,32,,-7.617287408967499e-05,
20260327_n19,10,19,SKIEUR_20260327_SESSION_00,SKIEUR_20260327_SESSION_01,13,32,,-3.8273862886573085e-05,
20260327_n20,10,20,SKIEUR_20260327_SESSION_00,SKIEUR_20260327_SESSION_01,13,32,,0.00019101917032204874,
20260327_n21,10,21,SKIEUR_20260327_SESSION_00,SKIEUR_20260327_SESSION_01,13,32,,2.7571677597482136e-05,
20260327_n22,10,22,SKIEUR_20260327_SESSION_00,SKIEUR_20260327_SESSION_01,13,32,,0.0003311342638938619,
20260327_n23,10,23,SKIEUR_20260327_SESSION_00,SKIEUR_20260327_SESSION_01,13,32,,0.0003709101525808389,
20260327_n24,10,24,SKIEUR_20260327_SESSION_00,SKIEUR_20260327_SESSION_01,13,32,,0.0009396962968096778,
20260327_n25,10,25,SKIEUR_20260327_SESSION_00,SKIEUR_20260327_SESSION_01,13,32,,0.000205229239480631,
20260327_n26,10,26,SKIEUR_20260327_SESSION_00,SKIEUR_20260327_SESSION_01,13,32,,0.0017697901710302943,
20260327_n27,10,27,SKIEUR_20260327_SESSION_00,SKIEUR_20260327_SESSION_01,13,32,,0.0013534239828051353,
20260327_n28,10,28,SKIEUR_20260327_SESSION_00,SKIEUR_20260327_SESSION_01,13,32,,-6.154099018962356e-05,
20260327_n29,10,29,SKIEUR_20260327_SESSION_00,SKIEUR_20260327_SESSION_01,13,32,,0.0006058108059098233,
20260327_n30,10,30,SKIEUR_20260327_SESSION_00,SKIEUR_20260327_SESSION_01,13,32,,0.0003207962881363047,
20260327_n31,10,31,SKIEUR_20260327_SESSION_00,SKIEUR_20260327_SESSION_01,13,32,,0.0007323485373806893,
